#t,Tmin,Tmax,cpMin,cpMax,alphaMin,alphaMax,maxRelBlend,worstCell
1e-05,1184.49,1285.61,1338.19,1445.65,0,0,2.04465e-15,160
2e-05,1105.78,1275.67,1333.22,1532.21,0,0,-1,-1
3e-05,1048.44,1272.48,1324.43,1589.1,0,0,-1,-1
4e-05,1004.74,1278.42,1323.4,1640.14,0,0,-1,-1
5e-05,970.325,1295.07,1324.41,1683.19,0,0,-1,-1
6e-05,942.008,1323.37,1327.81,1719.63,0,0,-1,-1
6.86364e-05,921.4,1359.06,1332.65,1747.03,0,0,-1,-1
7.46818e-05,909.041,1393.29,1337.08,1764.37,0,0,-1,-1
7.95518e-05,900.714,1429.76,1341.32,1777.26,0,0,-1,-1
8.35157e-05,894.982,1468.21,1345.28,1786.86,0,0,-1,-1
8.67801e-05,891.142,1508.62,1349.01,1794.42,0,0,-1,-1
8.95465e-05,888.637,1552.29,1352.47,1801.35,0,0,-1,-1
9.19413e-05,887.133,1601.95,1356,1807.11,0,0,-1,-1
9.39941e-05,886.509,1660.91,1359.58,1811.86,0,0,-1,-1
9.57669e-05,886.737,1740.33,1363.06,1815.79,0,0,-1,-1
9.72643e-05,887.895,1878.3,1366.57,1818.98,0,0,-1,-1
9.85162e-05,890.293,2269,1370.25,1821.54,0,0,-1,-1
9.95063e-05,894.642,2549.4,1374.28,1823.51,0,0,-1,-1
0.000100206,902.682,2666.6,1379.18,1826.93,0,0,-1,-1
0.000100717,916.363,2716.07,1386.64,1829.76,0,0,-1,-1
0.000101171,935.448,2743.37,1397.87,1831.94,0,0,2.21663e-15,1041
0.000101589,954.208,2759.8,1409.82,1834.83,0,0,-1,-1
0.000101984,962.88,2769.93,1418.82,1837.05,0,0,-1,-1
0.000102354,965.682,2777.33,1425.07,1836.36,0,0,-1,-1
0.000102704,965.92,2785.63,1426.5,1836.97,0,0,-1,-1
0.000103039,965.549,2790.58,1427.56,1838.04,0,0,-1,-1
0.000103362,965.702,2793.08,1428.4,1839.06,0,0,-1,-1
0.000103679,966.416,2794.03,1429.1,1840.05,0,0,-1,-1
0.000103997,967.13,2793.93,1429.7,1841.01,0,0,-1,-1
0.000104317,967.525,2793.41,1430.4,1841.96,0,0,-1,-1
0.000104643,967.624,2798.12,1430.83,1842.9,0,0,-1,-1
0.000104975,967.639,2802.79,1431.2,1843.87,0,0,-1,-1
0.000105309,969.25,2806.53,1431.51,1844.82,0,0,-1,-1
0.000105649,973.315,2808.41,1431.67,1845.76,0,0,-1,-1
0.000105995,977.563,2807.93,1431.79,1846.67,0,0,-1,-1
0.000106348,979.916,2805.03,1431.92,1847.55,0,0,-1,-1
0.000106708,978.768,2799.69,1432.03,1848.39,0,0,-1,-1
0.000107077,978.27,2791.06,1431.98,1849.19,0,0,-1,-1
0.000107453,977.272,2777.23,1431.78,1849.92,0,0,-1,-1
0.000107837,976.2,2772.68,1431.81,1850.59,0,0,-1,-1
0.00010823,974.887,2768.02,1431.84,1851.16,0,0,3.48135e-15,2646
0.000108629,972.542,2761.85,1431.69,1851.6,0,0,-1,-1
0.000109036,970.947,2753.93,1431.43,1851.85,0,0,-1,-1
0.000109453,969.694,2744.58,1431.22,1851.89,0,0,-1,-1
0.000109879,967.344,2745.56,1431.1,1851.72,0,0,-1,-1
0.000110315,966.198,2749.3,1430.98,1851.37,0,0,-1,-1
0.000110758,963.434,2752.78,1430.74,1850.89,0,0,-1,-1
0.000111213,960.931,2756.36,1430.4,1850.28,0,0,-1,-1
0.000111682,958.603,2760.48,1429.96,1851.52,0,0,-1,-1
0.00011216,955.808,2763.34,1429.49,1853.19,0,0,-1,-1
0.000112649,952.674,2765.58,1428.95,1854.91,0,0,-1,-1
0.000113156,949.238,2767.11,1428.44,1856.72,0,0,-1,-1
0.000113687,945.008,2766.74,1427.9,1858.61,0,0,-1,-1
0.000114243,940.028,2765.74,1427.06,1860.59,0,0,-1,-1
0.000114828,934.357,2766.35,1425.74,1862.64,0,0,-1,-1
0.000115457,927.7,2766.62,1424.29,1864.84,0,0,-1,-1
0.000116147,919.73,2765.03,1422.74,1867.24,0,0,-1,-1
0.000116916,910.191,2763.01,1421.13,1869.93,0,0,-1,-1
0.000117775,899.351,2762.95,1419.62,1872.96,0,0,-1,-1
0.000118747,887.253,2763.12,1418.35,1876.42,0,0,-1,-1
0.000119878,875.15,2762.04,1417.79,1880.53,0,0,2.62582e-15,1760
0.000121234,865.163,2764.72,1418.19,1885.6,0,0,-1,-1
0.000122785,861.861,2717.67,1412.68,1891.59,0,0,-1,-1
0.000124153,876.946,2695.14,1363.18,1896.67,0,0,-1,-1
0.000125072,893.241,2676.12,1319.51,1896.41,0,0,-1,-1
0.000125843,907.764,2665.01,1282.58,1897.97,0,0,-1,-1
0.000126536,917.054,2656.42,1252.73,1896.99,0,0,-1,-1
0.000127186,924.974,2646.35,1228.85,1896.08,0,0,-1,-1
0.000127807,931.483,2649.52,1209.85,1896.7,0,0,-1,-1
0.000128406,935.259,2661.2,1194.73,1896.23,0,0,-1,-1
0.000128996,933.616,2678.99,1182.55,1895.68,0,0,-1,-1
0.000129572,931.743,2699.11,1172.85,1896.56,0,0,-1,-1
0.000130132,930.143,2718.71,1165.16,1896.93,0,0,-1,-1
0.000130682,929.201,2736.96,1159.01,1897.27,0,0,-1,-1
0.000131219,928.388,2753.66,1153.97,1898.72,0,0,-1,-1
0.00013175,922.52,2768.04,1149.53,1901.29,0,0,-1,-1
0.000132271,917.197,2781.01,1145.83,1904.79,0,0,-1,-1
0.000132789,912.387,2791.73,1142.77,1908.16,0,0,-1,-1
0.000133306,908.134,2800.21,1140.27,1911.45,0,0,-1,-1
0.000133827,904.403,2806.77,1138.23,1915.35,0,0,-1,-1
0.000134355,900.152,2811.65,1136.59,1919.41,0,0,2.99773e-15,1509
0.000134898,897.622,2815.17,1135.27,1923.57,0,0,-1,-1
0.000135465,894.766,2817.78,1134.22,1927.87,0,0,-1,-1
0.000136067,893.2,2820.04,1133.41,1932.37,0,0,-1,-1
0.000136707,891.696,2822.06,1132.8,1936.99,0,0,-1,-1
0.00013739,891.18,2824.13,1132.4,1941.7,0,0,-1,-1
0.000138121,890.97,2826.66,1132.16,1946.49,0,0,-1,-1
0.00013892,891.406,2829.01,1132.07,1951.36,0,0,-1,-1
0.000139781,892.192,2835.88,1132.18,1956.24,0,0,-1,-1
0.000140715,893.595,2845.12,1132.5,1961.19,0,0,-1,-1
0.000141756,895.438,2850.9,1133.03,1966.41,0,0,-1,-1
0.00014292,897.168,2859.69,1133.4,1971.93,0,0,-1,-1
0.000144226,897.685,2867.52,1133.67,1977.76,0,0,-1,-1
0.000145695,895.187,2874.05,1133.82,1983.88,0,0,-1,-1
0.000147377,887.495,2875.9,1133.81,1990.31,0,0,-1,-1
0.000149243,876.573,2875.37,1133.71,1996.74,0,0,-1,-1
0.000150643,869.706,2862.17,1133.75,2001.01,0,0,-1,-1
0.000151785,865.116,2851.46,1133.9,2004.22,0,0,-1,-1
0.000152797,863.246,2839.93,1134.18,2006.95,0,0,-1,-1
0.000153714,863.022,2830.63,1134.89,2009.31,0,0,-1,-1
0.000154574,864.186,2821.27,1136.02,2011.4,0,0,2.85766e-15,161
0.000155404,866.541,2811.41,1137.37,2013.38,0,0,-1,-1
0.000156212,869.884,2800.85,1139.03,2015.32,0,0,-1,-1
0.000156987,873.942,2792.67,1140.95,2017.08,0,0,-1,-1
0.000157731,878.41,2787.33,1142.78,2018.68,0,0,-1,-1
0.000158452,883.013,2779.96,1144.59,2020.17,0,0,-1,-1
0.000159151,887.504,2773.43,1146.43,2021.54,0,0,-1,-1
0.000159834,891.873,2766.89,1148.31,2022.81,0,0,-1,-1
0.000160507,896.164,2759.79,1150.21,2024,0,0,-1,-1
0.000161175,900.463,2753.12,1152.17,2025.12,0,0,-1,-1
0.000161843,904.822,2749.25,1154.18,2026.22,0,0,-1,-1
0.000162516,909.263,2745.52,1156.25,2027.28,0,0,-1,-1
0.000163199,913.798,2741.8,1158.41,2028.34,0,0,-1,-1
0.000163911,918.477,2737.9,1160.74,2029.42,0,0,-1,-1
0.000164653,923.265,2733.73,1163.22,2030.82,0,0,-1,-1
0.000165451,928.276,2729.05,1165.9,2032.85,0,0,-1,-1
0.000166305,933.491,2723.85,1168.74,2035.01,0,0,-1,-1
0.000167245,939.079,2717.98,1171.79,2037.3,0,0,-1,-1
0.000168293,945.13,2711.42,1175.03,2039.76,0,0,-1,-1
0.00016946,949.973,2704.49,1178.34,2042.34,0,0,-1,-1
0.00017078,946.688,2697.81,1181.62,2045.12,0,0,2.4507e-15,2000
0.000171082,946.21,2696.84,1182.2,2045.76,0,0,-1,-1
0.000171438,945.69,2695.91,1182.84,2046.54,0,0,-1,-1
0.000171867,945.159,2695.07,1183.54,2047.49,0,0,-1,-1
0.000172375,944.547,2694.36,1184.28,2048.63,0,0,-1,-1
0.00017301,943.767,2693.88,1185.09,2050.09,0,0,-1,-1
0.000173787,942.816,2693.93,1185.87,2051.96,0,0,-1,-1
0.000174675,941.728,2695.8,1186.47,2054.24,0,0,-1,-1
0.00017574,940.406,2696.7,1186.83,2057.22,0,0,-1,-1
0.00017716,938.8,2700.77,1187,2061.54,0,0,-1,-1
0.00017858,937.97,2706.57,1185.75,2066.22,0,0,2.53456e-15,1570
0.00018,938.261,2713.79,1182.65,2071.2,0,0,-1,-1
0.000181429,939.428,2721.93,1177.99,2076.34,0,0,-1,-1
0.000182653,939.504,2730.31,1172.96,2080.78,0,0,-1,-1
0.000183878,939.978,2739.78,1167.58,2085.23,0,0,-1,-1
0.000185102,940.616,2748.53,1162.39,2089.7,0,0,-1,-1
0.000186327,941.446,2757.16,1157.65,2094.38,0,0,-1,-1
0.000187551,942.497,2765.88,1153.45,2099.09,0,0,-1,-1
0.000188776,943.745,2773.41,1149.71,2103.83,0,0,-1,-1
0.00019,945.139,2779.65,1146.38,2108.55,0,0,-1,-1
0.00019125,946.58,2784.77,1143.64,2113.25,0,0,2.50968e-15,2602
0.000192708,938.237,2789.6,1141.23,2118.54,0,0,-1,-1
0.000194167,931.654,2793.87,1139.46,2123.66,0,0,-1,-1
0.000195625,927,2800.59,1138.19,2128.46,0,0,-1,-1
0.000197083,923.772,2806.21,1137.3,2133,0,0,-1,-1
0.000198542,920.662,2810.72,1136.69,2137.25,0,0,-1,-1
0.0002,918.108,2814.02,1136.3,2141.22,0,0,-1,-1
0.000201667,918.595,2816.36,1136.04,2145.45,0,0,-1,-1
0.00020375,918.98,2817.11,1135.95,2150.28,0,0,-1,-1
0.000205833,921.118,2815.05,1136.54,2155.76,0,0,-1,-1
0.000207917,926.639,2809.92,1138.06,2161.61,0,0,3.15651e-15,93
0.00021,929.317,2802.21,1140.34,2167.29,0,0,-1,-1
0.000211667,926.496,2794.79,1142.75,2171.67,0,0,-1,-1
0.000213333,923.867,2787.46,1145.59,2175.9,0,0,-1,-1
0.000215,921.317,2780.78,1148.6,2180.02,0,0,-1,-1
0.000216667,916.802,2774.38,1151.74,2184.01,0,0,-1,-1
0.000218333,912.604,2768.35,1154.83,2187.92,0,0,-1,-1
0.00022,908.731,2762.88,1157.73,2191.73,0,0,-1,-1
0.000222,904.538,2757.11,1160.97,2196.24,0,0,-1,-1
0.000224,900.823,2752.67,1163.6,2200.59,0,0,-1,-1
0.000226,897.571,2749.77,1165.49,2204.9,0,0,2.67314e-15,96
0.000228,894.719,2748.55,1166.68,2209.13,0,0,-1,-1
0.00023,892.18,2749.02,1167.16,2213.35,0,0,-1,-1
0.0002325,889.837,2751.34,1167.17,2218.63,0,0,-1,-1
0.000235,888.077,2757.87,1165.71,2223.88,0,0,-1,-1
0.0002375,887.023,2766.12,1163.2,2229.28,0,0,-1,-1
0.00024,885.602,2774.52,1160.1,2234.81,0,0,-1,-1
0.0002425,883.59,2782.29,1156.9,2240.43,0,0,-1,-1
0.000245,881.505,2789.94,1153.91,2246.05,0,0,-1,-1
0.0002475,879.309,2795.48,1151.31,2251.68,0,0,-1,-1
0.00025,876.771,2798.86,1149.24,2257.26,0,0,4.14765e-15,7
0.000253333,873.09,2801.04,1147.29,2264.59,0,0,-1,-1
0.000256667,869.134,2800.59,1146.21,2271.85,0,0,-1,-1
0.00026,865.671,2798.7,1145.88,2278.83,0,0,-1,-1
0.000263333,862.841,2795.89,1146.4,2285.65,0,0,-1,-1
0.000266667,859.206,2792.08,1147.6,2292.18,0,0,-1,-1
0.00027,854.426,2788.33,1149.17,2298.52,0,0,-1,-1
0.000273333,850.286,2785.02,1150.81,2304.62,0,0,-1,-1
0.000276667,846.739,2782.58,1152.27,2310.55,0,0,-1,-1
0.00028,843.709,2781.19,1153.11,2316.33,0,0,-1,-1
0.000283333,841.111,2780.94,1153.55,2322.01,0,0,2.52997e-15,2563
0.000286667,838.869,2781.56,1153.56,2327.6,0,0,-1,-1
0.00029,836.912,2782.82,1153.33,2333.15,0,0,-1,-1
0.000293333,834.951,2784.33,1152.74,2338.66,0,0,-1,-1
0.000296667,830.919,2785.77,1151.94,2344.15,0,0,-1,-1
0.0003,827.252,2786.85,1151.06,2349.6,0,0,-1,-1
0.000303333,823.911,2787.39,1150.22,2355.01,0,0,-1,-1
0.000306667,820.988,2787.11,1149.51,2360.37,0,0,-1,-1
0.00031,818.291,2787.65,1148.95,2365.66,0,0,-1,-1
0.000315,815.007,2788.07,1148.38,2373.42,0,0,-1,-1
0.00032,812.177,2787.6,1148.12,2380.96,0,0,2.3662e-15,3152
0.000325,810.2,2786.78,1148.09,2388.08,0,0,-1,-1
0.00033,808.327,2786.16,1148.17,2394.98,0,0,-1,-1
0.000335,807.511,2785.88,1148.23,2401.51,0,0,-1,-1
0.00034,805.071,2785.97,1148.26,2407.9,0,0,-1,-1
0.000345,802.406,2786.27,1148.21,2413.98,0,0,-1,-1
0.00035,799.086,2786.8,1148.04,2419.95,0,0,-1,-1
0.000355,797.665,2787.28,1147.8,2425.61,0,0,-1,-1
0.00036,795.173,2787.73,1147.53,2431.17,0,0,-1,-1
0.000365,794.806,2787.93,1147.03,2436.39,0,0,-1,-1
0.00037,792.891,2788,1146.4,2441.5,0,0,2.61736e-15,1600
0.000375,793.563,2787.85,1145.82,2446.27,0,0,-1,-1
0.00038,791.957,2787.7,1145.3,2450.97,0,0,-1,-1
0.000385,791.273,2787.42,1144.82,2455.39,0,0,-1,-1
0.00039,787.649,2787.27,1144.39,2459.63,0,0,-1,-1
0.000395,787.578,2786.97,1143.97,2463.68,0,0,-1,-1
0.0004,784.592,2787.11,1143.58,2467.58,0,0,-1,-1
0.000405,785.355,2787.05,1143.19,2471.63,0,0,-1,-1
0.00041,781.938,2787.46,1142.82,2475.86,0,0,-1,-1
0.000415,779.428,2787.31,1142.45,2479.61,0,0,-1,-1
0.00042,776.19,2787.81,1142.11,2483.54,0,0,2.42517e-15,2560
0.000425,774.868,2787.47,1141.78,2487,0,0,-1,-1
0.00043,772.335,2788,1141.47,2490.59,0,0,-1,-1
0.000435,771.08,2787.48,1141.11,2493.89,0,0,-1,-1
0.00044,769.753,2787.99,1140.75,2497.18,0,0,-1,-1
0.000445,768.465,2787.39,1140.38,2500.13,0,0,-1,-1
0.00045,765.114,2788.01,1140.05,2503.08,0,0,-1,-1
0.000455,763.812,2787.63,1139.71,2505.81,0,0,-1,-1
0.00046,761.05,2788.43,1139.41,2508.65,0,0,-1,-1
0.000465,760.161,2787.95,1139.11,2511.29,0,0,-1,-1
0.00047,756.836,2788.42,1138.83,2513.87,0,0,2.36256e-15,60
0.000475,754.246,2787.9,1138.55,2516.35,0,0,-1,-1
0.00048,751.486,2788.38,1138.3,2518.72,0,0,-1,-1
0.000485,749.433,2787.86,1138.05,2521.01,0,0,-1,-1
0.00049,747.2,2788.37,1137.82,2523.16,0,0,-1,-1
0.000495,745.619,2787.88,1137.59,2525.31,0,0,-1,-1
0.0005,743.86,2788.5,1137.39,2527.27,0,0,-1,-1
